INSERT INTO instructors (id, last_name, first_name, hire_date) OVERRIDING SYSTEM VALUE VALUES (1, 'Zheng', 'Roger', '2004-02-12'::date);
INSERT INTO instructors (id, last_name, first_name, hire_date) OVERRIDING SYSTEM VALUE VALUES (2, 'Kapoor', 'Candace', '2001-01-15'::date);
INSERT INTO instructors (id, last_name, first_name, hire_date) OVERRIDING SYSTEM VALUE VALUES (3, 'Harui', 'Roger', '1998-07-01'::date);
INSERT INTO instructors (id, last_name, first_name, hire_date) OVERRIDING SYSTEM VALUE VALUES (4, 'Fakhouri', 'Fadi', '2002-07-06'::date);
INSERT INTO instructors (id, last_name, first_name, hire_date) OVERRIDING SYSTEM VALUE VALUES (5, 'Abercrombie', 'Kim', '1995-03-11'::date);
INSERT INTO departments (id, name, budget, start_date, instructor_id) OVERRIDING SYSTEM VALUE VALUES (2, 'Economics', 100000.00, '2007-09-01'::date, 2);
INSERT INTO departments (id, name, budget, start_date, instructor_id) OVERRIDING SYSTEM VALUE VALUES (3, 'Engineering', 350000.00, '2007-09-01'::date, 3);
INSERT INTO departments (id, name, budget, start_date, instructor_id) OVERRIDING SYSTEM VALUE VALUES (4, 'Mathematics', 100000.00, '2007-09-01'::date, 4);
INSERT INTO departments (id, name, budget, start_date, instructor_id) OVERRIDING SYSTEM VALUE VALUES (5, 'English', 350000.00, '2007-09-01'::date, 5);
INSERT INTO courses (id, title, credits, department_id) OVERRIDING SYSTEM VALUE VALUES (1045, 'Calculus', 4, 4);
INSERT INTO courses (id, title, credits, department_id) OVERRIDING SYSTEM VALUE VALUES (1050, 'Chemistry', 3, 3);
INSERT INTO courses (id, title, credits, department_id) OVERRIDING SYSTEM VALUE VALUES (2021, 'Composition', 3, 5);
INSERT INTO courses (id, title, credits, department_id) OVERRIDING SYSTEM VALUE VALUES (2042, 'Literature', 4, 5);
INSERT INTO courses (id, title, credits, department_id) OVERRIDING SYSTEM VALUE VALUES (3141, 'Trigonometry', 4, 4);
INSERT INTO courses (id, title, credits, department_id) OVERRIDING SYSTEM VALUE VALUES (4022, 'Microeconomics', 3, 2);
INSERT INTO courses (id, title, credits, department_id) OVERRIDING SYSTEM VALUE VALUES (4041, 'Macroeconomics', 3, 2);
INSERT INTO students (id, last_name, first_name, enrollment_date) OVERRIDING SYSTEM VALUE VALUES (1, 'Alexander', 'Carson', '2016-09-01'::date);
INSERT INTO students (id, last_name, first_name, enrollment_date) OVERRIDING SYSTEM VALUE VALUES (2, 'Alonso', 'Meredith', '2018-09-01'::date);
INSERT INTO students (id, last_name, first_name, enrollment_date) OVERRIDING SYSTEM VALUE VALUES (3, 'Anand', 'Arturo', '2019-09-01'::date);
INSERT INTO students (id, last_name, first_name, enrollment_date) OVERRIDING SYSTEM VALUE VALUES (4, 'Barzdukas', 'Gytis', '2018-09-01'::date);
INSERT INTO students (id, last_name, first_name, enrollment_date) OVERRIDING SYSTEM VALUE VALUES (5, 'Li', 'Yan', '2018-09-01'::date);
INSERT INTO students (id, last_name, first_name, enrollment_date) OVERRIDING SYSTEM VALUE VALUES (6, 'Justice', 'Peggy', '2017-09-01'::date);
INSERT INTO students (id, last_name, first_name, enrollment_date) OVERRIDING SYSTEM VALUE VALUES (7, 'Norman', 'Laura', '2019-09-01'::date);
INSERT INTO students (id, last_name, first_name, enrollment_date) OVERRIDING SYSTEM VALUE VALUES (8, 'Olivetto', 'Nino', '2011-09-01'::date);
INSERT INTO enrollments (id, course_id, student_id, grade) OVERRIDING SYSTEM VALUE VALUES (1, 4022, 3, 1);
INSERT INTO enrollments (id, course_id, student_id, grade) OVERRIDING SYSTEM VALUE VALUES (2, 1050, 3, NULL);
INSERT INTO enrollments (id, course_id, student_id, grade) OVERRIDING SYSTEM VALUE VALUES (3, 2021, 2, 1);
INSERT INTO enrollments (id, course_id, student_id, grade) OVERRIDING SYSTEM VALUE VALUES (4, 3141, 2, 1);
INSERT INTO enrollments (id, course_id, student_id, grade) OVERRIDING SYSTEM VALUE VALUES (5, 1045, 2, 1);
INSERT INTO enrollments (id, course_id, student_id, grade) OVERRIDING SYSTEM VALUE VALUES (6, 4041, 1, 1);
INSERT INTO enrollments (id, course_id, student_id, grade) OVERRIDING SYSTEM VALUE VALUES (7, 4022, 1, 2);
INSERT INTO enrollments (id, course_id, student_id, grade) OVERRIDING SYSTEM VALUE VALUES (8, 1050, 1, 0);
INSERT INTO enrollments (id, course_id, student_id, grade) OVERRIDING SYSTEM VALUE VALUES (9, 1050, 4, 1);
INSERT INTO enrollments (id, course_id, student_id, grade) OVERRIDING SYSTEM VALUE VALUES (10, 2021, 5, 1);
INSERT INTO enrollments (id, course_id, student_id, grade) OVERRIDING SYSTEM VALUE VALUES (11, 2042, 6, 1);
INSERT INTO course_assignments (course_id, instructor_id) VALUES (4022, 1);
INSERT INTO course_assignments (course_id, instructor_id) VALUES (4041, 1);
INSERT INTO course_assignments (course_id, instructor_id) VALUES (1050, 2);
INSERT INTO course_assignments (course_id, instructor_id) VALUES (1050, 3);
INSERT INTO course_assignments (course_id, instructor_id) VALUES (3141, 3);
INSERT INTO course_assignments (course_id, instructor_id) VALUES (1045, 4);
INSERT INTO course_assignments (course_id, instructor_id) VALUES (2021, 5);
INSERT INTO course_assignments (course_id, instructor_id) VALUES (2042, 5);

INSERT INTO office_assignments (instructor_id, location) VALUES (2, 'Thompson 304');
INSERT INTO office_assignments (instructor_id, location) VALUES (3, 'Gowan 27');
INSERT INTO office_assignments (instructor_id, location) VALUES (4, 'Smith 17');
